{
  "data_source" : "../../profiles/fmg_rawprofile_cv911_1676510088.db", 
  "laser_fps" : 980,
  "forever" : false,
  "y_max_length" : 3931000,
  "y_max_upload" : 3961000,
  "z_height" : 27.0,
  "x_width"  : 1800,
  "width_n" : 1800,
  "clip_height" : 36.0,
  "left_edge_nan" : 10,
  "right_edge_nan" : 10,
  "fiducial_depth" : 3,
  "fiducial_x" : 50,
  "fiducial_y" : 67,
  "fiducial_gap" : 78,
  "daily_upload" : true,
  "daily_start_time" : "now",
  "origin_detector" : "bypass",
  "spike_filter" : 5,
  "sobel_filter" : 5,
  "nan_%" : 0.1,
  "iirfilter" : {
    "skip" : 4200,
    "delay" : 10,
    "sos" :[[ 2.14907175e-07,  2.14907175e-07, 0.00000000e+00, 1.00000000e+00, -9.69927546e-01, 0.00000000e+00],
            [ 1.00000000e+00, -1.97586675e+00, 1.00000000e+00, 1.00000000e+00, -1.94277154e+00, 9.43643754e-01],
            [ 1.00000000e+00, -1.99377076e+00, 1.00000000e+00, 1.00000000e+00, -1.95020316e+00, 9.50994134e-01],
            [ 1.00000000e+00, -1.99709837e+00, 1.00000000e+00, 1.00000000e+00, -1.95947251e+00, 9.60163976e-01],
            [ 1.00000000e+00, -1.99825720e+00, 1.00000000e+00, 1.00000000e+00, -1.96849222e+00, 9.69090163e-01],
            [ 1.00000000e+00, -1.99878518e+00, 1.00000000e+00, 1.00000000e+00, -1.97634855e+00, 9.76869893e-01],
            [ 1.00000000e+00, -1.99906168e+00, 1.00000000e+00, 1.00000000e+00, -1.98292144e+00, 9.83385178e-01],
            [ 1.00000000e+00, -1.99921582e+00, 1.00000000e+00, 1.00000000e+00, -1.98843208e+00, 9.88855603e-01],
            [ 1.00000000e+00, -1.99930017e+00, 1.00000000e+00, 1.00000000e+00, -1.99319414e+00, 9.93592594e-01],
            [ 1.00000000e+00, -1.99933782e+00, 1.00000000e+00, 1.00000000e+00, -1.99752113e+00, 9.97907883e-01]]   
  },
  "constraints" : {
    "current_length" : [4000000,4030000],
    "surface_speed" : [4.5,30.0],
    "pulley_oscillation" : [0,5],
    "cads_to_origin" : [0,4030000],
    "rotation_period" : [140000,210000],
    "barrel_height" : [-36.5,-20.0],
    "z_unbiased" : [-37.0,8.0]
  },
  "profile_db_name" : "profile.db",
  "state_db_name" : "state.db",
  "transient_db_name" : "transient.db",
  "use_encoder" : false,
  "belt_cross_correlation_threshold" : 0.4,

  "filters" : {
    "SchmittThreshold" : 0.05
  },

  "conveyor" : {
    "Site" : "FMG",
    "Name" : "CV911",
    "Installed" : "2023-01-14T00:00:00Z",
    "PulleyCover" : 6.0,
    "CordDiameter" : 5.6,
    "TopCover" : 16.0,
    "PulleyCircumference" : 2827.4334    
  },
  "webapi_urls" : {
    "add_conveyor" : ["http://localhost:5000/api/conveyors",false],
    "add_meta" : ["http://localhost:5000/api/meta",true],
    "add_belt" : ["http://localhost:5000/api/belt",true]
  },
  "nats_url" : "192.168.2.13",
  "upload_profile" : true, 
  "base_url" : "http://localhost:5000/api",
  "lua_window_height" : 2,
  "lua_fn" : "function process(width,height)\nlocal sum = 0\nfor i = 1+50,width-50 do\nfor j = 0,height-1 do\nsum = sum + ((win[j*width + i] <= 25 and win[j*width + i] > 10)and 1 or 0)\nend\nend\nreturn (sum / (width * height)) > 0.001 and 0 or 0\nend"
}
