{
  "data_source" : "/home/me/dev/cads/profiles/profilef-2022-06-20.db", 
  "y_max_length" : 915000,
  "z_height" : 27.0,
  "x_width"  : 1500,
  "left_edge_nan" : 15,
  "right_egde_nan" : 10,
  "fiducial_depth" : 3.5,
  "fiducial_x" : 50,
  "fiducial_y" : 70,
  "fiducial_gap" : 78,
  "daily_upload_limit" : 3000000000,
  "daily_start_time" : "now",
  "loop_forever" : false,
  "iirfilter" : {
    "delay" : 228,
    "a" : [ -0.86107405, 7.8784571, -32.0386356, 76.00434398, -115.91300053,117.85542254,-79.88969597,34.81461284,-8.85043031,1.0],
    "b" : [ 0.00013433, -0.00093849, 0.00267746,-0.00374478, 0.00187148, 0.00187148, -0.00374478, 0.00267746, -0.00093849, 0.00013433],
    "sos" :[[ 1.34332391e-04,  1.34332391e-04,  0.00000000e+00,  1.00000000e+00, -9.66764048e-01, 0.00000000e+00],
            [ 1.00000000e+00, -1.99123270e+00,  1.00000000e+00,  1.00000000e+00, -1.94435600e+00,  9.45338989e-01],
            [ 1.00000000e+00, -1.99751391e+00,  1.00000000e+00,  1.00000000e+00, -1.96437007e+00,  9.65139091e-01],
            [ 1.00000000e+00, -1.99863003e+00,  1.00000000e+00,  1.00000000e+00, -1.98112067e+00,  9.81737885e-01],
            [ 1.00000000e+00, -1.99894049e+00,  1.00000000e+00,  1.00000000e+00, -1.99381952e+00,  9.94367640e-01]]
  },
  "db_name" : "profile.db",
  "belt_cross_correlation_threshold" : 0.4,
  "upload_profile_to" : "null",
  "upload_config_to" : "null",
  "pipeline" : ["regression"]
}
