{
  "data_source" : "../../profiles/rawprofile_cv001_2.db",
  "sqlite_gocator" : {
    "range" : [1080000,9007199254740991],
    "fps" : 10000,
    "forever" : false
  },
  "y_max_length" : 12665200,
  "y_max_upload" : 12565200,
  "z_height" : 27.0,
  "x_width"  : 1500,
  "width_n" : 1960,
  "clip_height" : 36.0,
  "left_edge_nan" : 10,
  "right_edge_nan" : 10,
  "fiducial_depth" : 2,
  "fiducial_x" : 25,
  "fiducial_y" : 40,
  "fiducial_gap" : 40,
  "daily_upload" : true,
  "daily_start_time" : "now",
  "spike_filter" : 5,
  "sobel_filter" : 5,
  "nan_%" : 0.1,
  "iirfilter" : {
    "skip" : 4000,
    "delay" : 10,
    "sos" :[[ 2.14907175e-07,  2.14907175e-07, 0.00000000e+00, 1.00000000e+00, -9.69927546e-01, 0.00000000e+00],
            [ 1.00000000e+00, -1.97586675e+00, 1.00000000e+00, 1.00000000e+00, -1.94277154e+00, 9.43643754e-01],
            [ 1.00000000e+00, -1.99377076e+00, 1.00000000e+00, 1.00000000e+00, -1.95020316e+00, 9.50994134e-01],
            [ 1.00000000e+00, -1.99709837e+00, 1.00000000e+00, 1.00000000e+00, -1.95947251e+00, 9.60163976e-01],
            [ 1.00000000e+00, -1.99825720e+00, 1.00000000e+00, 1.00000000e+00, -1.96849222e+00, 9.69090163e-01],
            [ 1.00000000e+00, -1.99878518e+00, 1.00000000e+00, 1.00000000e+00, -1.97634855e+00, 9.76869893e-01],
            [ 1.00000000e+00, -1.99906168e+00, 1.00000000e+00, 1.00000000e+00, -1.98292144e+00, 9.83385178e-01],
            [ 1.00000000e+00, -1.99921582e+00, 1.00000000e+00, 1.00000000e+00, -1.98843208e+00, 9.88855603e-01],
            [ 1.00000000e+00, -1.99930017e+00, 1.00000000e+00, 1.00000000e+00, -1.99319414e+00, 9.93592594e-01],
            [ 1.00000000e+00, -1.99933782e+00, 1.00000000e+00, 1.00000000e+00, -1.99752113e+00, 9.97907883e-01]]
  },
  "constraints" : {
    "current_length" : [11003000,11007000],
    "surface_speed" : [4.5,9.9],
    "pulley_oscillation" : [0,5],
    "cads_to_origin" : [0,11007000],
    "rotation_period" : [140000,210000],
    "barrel_height" : [-36.5,-31.0],
    "z_unbiased" : [-37.0,4.0]
  },

  "profile_db_name" : "profile.db",
  "state_db_name" : "state.db",
  "transient_db_name" : "transient.db",
  "use_encoder" : false,
  "belt_cross_correlation_threshold" : 0.6,

  "filters" : {
    "SchmittThreshold" : 0.05
  },

  "conveyor" : {
    "Site" : "jimblebar",
    "Name" : "cv001",
    "Timezone" : "",
    "PulleyCircumference" : 2089.16
  },

  "belt" : {
    "Installed" : "2023-01-14T00:00:00Z",
    "PulleyCover" : 7.0,
    "CordDiameter" : 9.1,
    "TopCover" : 14.0,
    "Width" : 1600,
    "Length" : 12665200,
    "Splices" : 1
  },

  "scan" : {
    "Orientation" : -1
  },

  "webapi_urls" : {
    "add_conveyor" : ["http://localhost:5000/api/conveyors",false],
    "add_meta" : ["https://server.mhysystems.com/api/meta",true],
    "add_belt" : ["https://server.mhysystems.com/api/belt",true]
  },
  "nats_url" : "10.9.1.1",
  "upload_profile" : true,
  "base_url" : "https://server.mhysystems.com/api",
  "lua_window_height" : 2,
  "lua_fn" : "function process(width,height)\n return 0\nend"
}