{
  "data_source" : "../../profiles/profile.db",
  "origin_detector" : "bypass",
  "sqlite_gocator" : {
    "range" : [0,9007199254740991],
    "fps" : 999980,
    "forever" : true,
    "delay" : 98
  },

  "z_height" : 27.0,
  "x_width"  : 1500,
  "width_n" : 1960,
  "clip_height" : 36.0,
  "left_edge_nan" : 10,
  "right_edge_nan" : 10,
  "fiducial_depth" : 2,
  "fiducial_x" : 25,
  "fiducial_y" : 40,
  "fiducial_gap" : 40,
  "daily_upload" : true,
  "daily_start_time" : "now",
  "spike_filter" : 5,
  "sobel_filter" : 5,
  "nan_%" : 0.15,

  "dbscan" : {
    "InCluster" : 5,
    "MinPoints" : 20
  },

  "revolution_sensor" : {
    "source" : "raw",
    "trigger_num" : 1,
    "bias" : -33.0,
    "bidirectional" : false
  },

  "iirfilter" : {
    "skip" : 10000,
    "delay" : 334,
    "sos" :[[ 1.66008519e-07,  1.66008519e-07,  0.00000000e+00, 1.00000000e+00, -9.77361093e-01,  0.00000000e+00],
            [ 1.00000000e+00, -1.98638977e+00,  1.00000000e+00, 1.00000000e+00, -1.95693573e+00,  9.57429859e-01],
            [ 1.00000000e+00, -1.99649383e+00,  1.00000000e+00, 1.00000000e+00, -1.96256904e+00,  9.63016716e-01],
            [ 1.00000000e+00, -1.99836739e+00,  1.00000000e+00, 1.00000000e+00, -1.96958098e+00,  9.69971891e-01],
            [ 1.00000000e+00, -1.99901953e+00,  1.00000000e+00, 1.00000000e+00, -1.97638907e+00,  9.76726728e-01],
            [ 1.00000000e+00, -1.99931660e+00,  1.00000000e+00, 1.00000000e+00, -1.98230743e+00,  9.82601536e-01],
            [ 1.00000000e+00, -1.99947217e+00,  1.00000000e+00, 1.00000000e+00, -1.98725122e+00,  9.87512612e-01],
            [ 1.00000000e+00, -1.99955888e+00,  1.00000000e+00, 1.00000000e+00, -1.99139129e+00,  9.91629854e-01],
            [ 1.00000000e+00, -1.99960633e+00,  1.00000000e+00, 1.00000000e+00, -1.99496619e+00,  9.95190499e-01],
            [ 1.00000000e+00, -1.99962752e+00,  1.00000000e+00, 1.00000000e+00, -1.99821287e+00,  9.98430473e-01]]
  },
  "constraints" : {
    "current_length" : [12645200,12685200],
    "surface_speed" : [4.5,9.9],
    "pulley_oscillation" : [0,5],
    "cads_to_origin" : [0,12665200],
    "rotation_period" : [140000,210000],
    "barrel_height" : [-36.5,-31.0],
    "z_unbiased" : [-37.0,4.0]
  },

  "startup_delete_db" : true,
  "profile_db_name" : "profile.db",
  "state_db_name" : "state.db",
  "transient_db_name" : "transient.db",
  "use_encoder" : false,
  "belt_cross_correlation_threshold" : 0.6,

  "filters" : {
    "SchmittThreshold" : 0.05
  },

  "conveyor" : {
    "Org"  : "bhp",
    "Site" : "jimblebar",
    "Name" : "cv001",
    "Timezone" : "use_os",
    "PulleyCircumference" : 4178.32
  },

  "belt" : {
    "Installed" : "2023-01-14T00:00:00Z",
    "PulleyCover" : 7.0,
    "CordDiameter" : 9.1,
    "TopCover" : 14.0,
    "Width" : 1600,
    "Length" : 60000,
    "Splices" : 1
  },

  "scan" : {
    "Orientation" : -1
  },

  "webapi_urls" : {
    "add_conveyor" : ["http://localhost:5000/api/conveyors",true],
    "add_meta" : ["http://localhost:5000/api/meta",true],
    "add_belt" : ["http://localhost:5000/api/belts",true],
    "add_scan" : ["http://localhost:5000/api/scans",true]
  },

  "nats_url" : "10.9.1.1",
  "upload_profile" : true,
  "base_url" : "http://localhost:5000/api",
  "lua_window_height" : 2,
  "lua_fn" : "function process(width,height)\n return 0\nend"
}
