{
  "data_source" : "../../profiles/rawprofile_cv001_2.db",
  
  "sqlite_gocator" : {
    "range" : [0,9007199254740991],
    "fps" : 999999999999999,
    "forever" : false,
    "delay" : 98
  },

  "fiducial" : {
    "fiducial_depth" : 2,
    "fiducial_x" : 25,
    "fiducial_y" : 40,
    "fiducial_gap" : 40
  },

  "OriginDetection" : {
    "BeltLength": [12555200,12575200],
    "cross_correlation_threshold" : 0.285,
    "dump_match" : true
  },

  "z_height" : 27.0,
  "width_n" : 1890,
  "clip_height" : 36.0,
  "left_edge_nan" : 3,
  "right_edge_nan" : 3,
  "daily_upload" : true,
  "daily_start_time" : "now",
  "spike_filter" : 2,
  "sobel_filter" : 5,
  "nan_%" : 0.15,

  "dbscan" : {
    "InCluster" : 12,
    "MinPoints" : 11
  },

  "revolution_sensor" : {
    "source" : "raw",
    "trigger_num" : 1,
    "bias" : -38.5,
    "bidirectional" : false
  },

  "iirfilter" : {
    "skip" : 10000,
    "delay" : 334,
    "sos" :[[ 1.66008519e-07,  1.66008519e-07,  0.00000000e+00, 1.00000000e+00, -9.77361093e-01,  0.00000000e+00],
            [ 1.00000000e+00, -1.98638977e+00,  1.00000000e+00, 1.00000000e+00, -1.95693573e+00,  9.57429859e-01],
            [ 1.00000000e+00, -1.99649383e+00,  1.00000000e+00, 1.00000000e+00, -1.96256904e+00,  9.63016716e-01],
            [ 1.00000000e+00, -1.99836739e+00,  1.00000000e+00, 1.00000000e+00, -1.96958098e+00,  9.69971891e-01],
            [ 1.00000000e+00, -1.99901953e+00,  1.00000000e+00, 1.00000000e+00, -1.97638907e+00,  9.76726728e-01],
            [ 1.00000000e+00, -1.99931660e+00,  1.00000000e+00, 1.00000000e+00, -1.98230743e+00,  9.82601536e-01],
            [ 1.00000000e+00, -1.99947217e+00,  1.00000000e+00, 1.00000000e+00, -1.98725122e+00,  9.87512612e-01],
            [ 1.00000000e+00, -1.99955888e+00,  1.00000000e+00, 1.00000000e+00, -1.99139129e+00,  9.91629854e-01],
            [ 1.00000000e+00, -1.99960633e+00,  1.00000000e+00, 1.00000000e+00, -1.99496619e+00,  9.95190499e-01],
            [ 1.00000000e+00, -1.99962752e+00,  1.00000000e+00, 1.00000000e+00, -1.99821287e+00,  9.98430473e-01]]
  },
  "constraints" : {
    "current_length" : [12645200,12685200],
    "surface_speed" : [4.5,9.9],
    "pulley_oscillation" : [0,5],
    "cads_to_origin" : [0,12665200],
    "rotation_period" : [140000,210000],
    "barrel_height" : [-36.5,-31.0],
    "z_unbiased" : [-37.0,4.0]
  },

  "startup_delete_db" : true,
  "profile_db_name" : "profile.db",
  "state_db_name" : "state.db",
  "transient_db_name" : "transient.db",
  "use_encoder" : false,

  "filters" : {
    "SchmittThreshold" : 0.05,
    "LeftDampOff" : 32.0,
    "LeftDamp" : [0.20855869352817535, 0.20586001873016357, 0.20465362071990967, 0.20084162056446075, 0.1988571286201477, 0.19748860597610474, 0.19742286205291748, 0.19842512905597687, 0.2010207325220108, 0.20485785603523254, 0.21013176441192627, 0.21717534959316254, 0.22490529716014862, 0.2345990240573883, 0.2465365082025528, 0.26108518242836, 0.2789561152458191, 0.29942357540130615, 0.32420453429222107, 0.35512879490852356, 0.3902128338813782, 0.43204009532928467, 0.4803560674190521, 0.5320074558258057, 0.5908901691436768, 0.6565237045288086, 0.7236809134483337, 0.7835145592689514, 0.8392757177352905, 0.8867360353469849, 0.9143973588943481, 0.9220325350761414, 0.9185175895690918, 0.8984826803207397, 0.8758292198181152, 0.8581506609916687, 0.8483405113220215, 0.8345969915390015, 0.8159324526786804, 0.8064554929733276, 0.7949948906898499, 0.7860790491104126, 0.7839761972427368, 0.7856008410453796, 0.7849198579788208, 0.7865932583808899, 0.7935449481010437, 0.799425482749939, 0.7977844476699829, 0.8010707497596741, 0.810971200466156, 0.8203882575035095, 0.8272188305854797, 0.8324766755104065, 0.8333169221878052]
  },

  "conveyor" : {
    "Org"  : "bhp",
    "Site" : "jimblebar",
    "Name" : "cv001",
    "Timezone" : "Australia/Perth",
    "PulleyCircumference" : 4178.32,
    "MaxSpeed" : 6.09
  },

  "belt" : {
    "Installed" : "2023-01-14T00:00:00Z",
    "PulleyCover" : 7.0,
    "CordDiameter" : 9.1,
    "TopCover" : 14.0,
    "Width" : 1600,
    "Length" : 12545200,
    "Splices" : 1
  },

  "scan" : {
    "Orientation" : -1
  },

  "webapi_urls" : {
    "add_conveyor" : ["http://localhost:5000/api/conveyors",true],
    "add_meta" : ["http://localhost:5000/api/meta",true],
    "add_belt" : ["http://localhost:5000/api/belts",true],
    "add_scan" : ["http://localhost:5000/api/scans",true]
  },

  "communications" : {
    "NatsUrl" : "127.0.0.1",
    "UploadRows" : 1024
  },

  "upload_profile" : true,
  "base_url" : "http://localhost:5000/api",
  "lua_window_height" : 2,
  "lua_fn" : "function process(width,height)\n return 0\nend"
}
